<article id="readme">
<title>README</title>

<section>
<title>Description</title>
<para>
GoGui is a graphical interface to programs that play the game of Go and use
the
<ulink url="http://www.lysator.liu.se/~gunnar/gtp/">Go Text Protocol</ulink>.
</para>

<para>
GoGui has many special features for Go program developers.
It supports direct communication with the Go engine over a command shell.
The Go engine can be replaced while keeping the current board position.
Commands can be configured to display their response graphically on
the board.
</para>
<para><!-- Empty paragraph to enforce space in JEditorPane --></para>
</section>

<section>
<title>License</title>

<para>
Copyright &copy; 2001&#x2013;2014 Markus Enzenberger (enz@users.sourceforge.net)
</para>

<para>
This program is free software; you can redistribute it and/or modify
it under the terms of the GNU General Public License as published by
the Free Software Foundation; either version 3 of the License, or
(at your option) any later version.
</para>

<para>
This program is distributed in the hope that it will be useful,
but WITHOUT ANY WARRANTY; without even the implied warranty of
MERCHANTABILITY or FITNESS FOR A PARTICULAR PURPOSE.  See the
GNU General Public License for more details.
</para>

<para>
A full copy of the GNU General Public License is included in
Appendix E of the GoGui documentation.
</para>

<note>
<simpara>
This copyright does *not* cover Go engines that use GoGui
services by the GTP protocol - this is merely considered normal use
of GoGui, and does *not* fall under the heading of "derived work".
</simpara>
</note>

<para>
The files in the directory "external" are from third parties. They are not
part of GoGui and have different licenses and copyright holders. They are
included in the GoGui distribution only for convenience.
</para>
<para><!-- Empty paragraph to enforce space in JEditorPane --></para>
</section>

</article>
